{
    "num_params": 146499,
    "train_losses": [
        1.0309724807739258,
        0.9877105355262756,
        0.9797685742378235,
        0.9739047884941101,
        0.9694281816482544,
        0.9659865498542786,
        0.963107705116272,
        0.960615873336792,
        0.9585210084915161,
        0.9564504623413086
    ],
    "valid_losses": [
        1.035680890083313,
        1.0454620122909546,
        1.0516443252563477,
        1.091217279434204,
        1.0457673072814941,
        1.0466142892837524,
        1.0505790710449219,
        1.0476821660995483,
        1.037972331047058,
        1.0449477434158325
    ],
    "train_accs": [
        0.5376561284065247,
        0.5583271980285645,
        0.5589380860328674,
        0.5598413944244385,
        0.5609238147735596,
        0.5613080859184265,
        0.5617426633834839,
        0.5621878504753113,
        0.5627445578575134,
        0.5628567934036255
    ],
    "valid_accs": [
        0.5074244737625122,
        0.5068143606185913,
        0.5075349807739258,
        0.5073190331459045,
        0.5053970813751221,
        0.5016806125640869,
        0.5030182003974915,
        0.5013284087181091,
        0.49999672174453735,
        0.5038743019104004
    ],
    "mem_usage": {
        "1": 4386.375,
        "2": 4393.609375,
        "3": 4408.609375,
        "4": 4424.328125,
        "5": 4441.46875,
        "6": 4457.3125,
        "7": 4485.078125,
        "8": 4513.09375,
        "9": 4541.15625,
        "10": 4570.296875
    },
    "config": {
        "device": "mps",
        "seq_len": 100,
        "batch_size": 256,
        "train_days": 50,
        "input_dim": 426,
        "hidden_dim": 64,
        "dropout": 0.1,
        "output_dim": 3,
        "num_heads": 2,
        "num_layers": 2,
        "lr": 5e-05,
        "weight_decay": 3.0000000000000004e-05,
        "num_epochs": 10,
        "model_path": "./model_output/model_round_1",
        "optimizer_path": "./model_output/optimizer_round_1"
    },
    "time_cost_mins": 68.43714186736615,
    "time": "20231117_223434"
}