{
    "train_losses": [
        1.405786013368852,
        1.2715151809918537,
        1.1988929081495623,
        1.1546676510044196,
        1.1254721676091133,
        1.1047748947016545,
        1.082030743458833,
        1.0711334618884598,
        1.0501472418025115,
        1.0377539430828646,
        1.0290261502942328,
        1.0212747565405536,
        1.0102302588857233,
        1.0034952599730624,
        0.996688269828041,
        0.9930825771474294,
        0.9816269059791715,
        0.9787801677021019,
        0.9761505528258827,
        0.968510341215427
    ],
    "num_params": 4749903,
    "valid_losses": [
        1.5020241173343067,
        1.3880087641909569,
        1.4043067209506734,
        1.1680772766908472,
        1.1995048687011052,
        1.558277160179311,
        1.1683235681799389,
        1.6149765555105235,
        1.3569017799679945,
        1.4147814835327677,
        1.2394149755712247,
        1.3446222107356192,
        1.2496530026264752,
        1.2126245394123105,
        1.3082324880751997,
        1.2451299832266505,
        1.2640733702715923,
        1.3611620647478735,
        1.5900677957624034,
        1.2079420768568385
    ],
    "mem_usage": {
        "1": 4465.171875,
        "2": 4508.6875,
        "3": 4550.734375,
        "4": 4589.0625,
        "5": 4635.109375,
        "6": 4677.46875,
        "7": 4718.625,
        "8": 4760.921875,
        "9": 4803.359375,
        "10": 4844.53125,
        "11": 4886.984375,
        "12": 4928.75,
        "13": 4971.5,
        "14": 5012.8125,
        "15": 5054.9375,
        "16": 5097.203125,
        "17": 5138.96875,
        "18": 5181.25,
        "19": 5223.625,
        "20": 5264.6875
    },
    "config": {
        "device": "mps",
        "seq_len": 300,
        "stride": 10,
        "batch_size": 16,
        "train_days": 50,
        "hidden_dim": 426,
        "daily_secs": 3998,
        "dropout": 0.1,
        "output_dim": 3,
        "num_heads": 2,
        "num_layers": 2,
        "pos_enco": true,
        "lr": 0.0001,
        "num_epochs": 20,
        "model_path": "./transformer_models/model_round_3",
        "optimizer_path": "./transformer_models/optimizer_round_3"
    },
    "time_cost_mins": 230.6787611524264,
    "time": "20231115_063927"
}