{
    "num_params": 4749903,
    "train_losses": [
        0.9773470163345337,
        0.9052255749702454,
        0.8855684995651245,
        0.8908680081367493,
        0.8647262454032898,
        0.8592661023139954,
        0.8534661531448364,
        0.8381541967391968,
        0.8317269682884216,
        0.8325892686843872
    ],
    "valid_losses": [
        1.0851188898086548,
        1.0813806056976318,
        1.0831223726272583,
        1.095820665359497,
        1.0913658142089844,
        1.0885626077651978,
        1.0989280939102173,
        1.1174380779266357,
        1.1532464027404785,
        1.1341344118118286
    ],
    "train_accs": [
        0.5569108724594116,
        0.5874816179275513,
        0.5965206027030945,
        0.594798743724823,
        0.6074938178062439,
        0.6108583807945251,
        0.6140308380126953,
        0.621691107749939,
        0.6250268816947937,
        0.6246251463890076
    ],
    "valid_accs": [
        0.5286840200424194,
        0.535377562046051,
        0.5315982699394226,
        0.5238269567489624,
        0.5163159966468811,
        0.5127382874488831,
        0.5233210921287537,
        0.5129087567329407,
        0.5419813394546509,
        0.5440781116485596
    ],
    "mem_usage": {
        "1": 4433.59375,
        "2": 4433.46875,
        "3": 4437.53125,
        "4": 4439.125,
        "5": 4441.671875,
        "6": 4445.53125,
        "7": 4452.1875,
        "8": 4458.421875,
        "9": 4465.40625,
        "10": 4469.71875
    },
    "config": {
        "device": "mps",
        "seq_len": 300,
        "stride": 10,
        "batch_size": 64,
        "train_days": 50,
        "hidden_dim": 426,
        "daily_secs": 3998,
        "dropout": 0.1,
        "output_dim": 3,
        "num_heads": 2,
        "num_layers": 2,
        "lr": 2e-05,
        "weight_decay": 0.005,
        "num_epochs": 10,
        "model_path": "./transformer_models/model_round_5",
        "optimizer_path": "./transformer_models/optimizer_round_5"
    },
    "time_cost_mins": 108.8541706479174,
    "time": "20231116_122453"
}