{
    "train_losses": [
        0.2612993707490891,
        0.21961257190508549,
        0.20328728455328202,
        0.19218247972932598,
        0.18228226400566971,
        0.1751971515589084,
        0.1694468754695733,
        0.16356322070470883,
        0.16036465844118486,
        0.15543336210515019
    ],
    "valid_losses": [
        0.3222436389763229,
        0.29082276420804504,
        0.3135951808618085,
        0.3203130857298489,
        0.30286057336269734,
        0.40316059370292273,
        0.3242665393893963,
        0.31473212861434563,
        0.5535859202761136,
        0.30939683181647826
    ],
    "mem_usage": {
        "1": 4472.484375,
        "2": 4500.328125,
        "3": 4543.703125,
        "4": 4583.484375,
        "5": 4624.703125,
        "6": 4663.78125,
        "7": 4703.890625,
        "8": 4742.96875,
        "9": 4782.71875,
        "10": 4822.0625
    },
    "config": {
        "device": "mps",
        "seq_len": 300,
        "stride": 10,
        "batch_size": 16,
        "train_days": 50,
        "hidden_dim": 426,
        "daily_secs": 3998,
        "dropout": 0.1,
        "output_dim": 3,
        "num_heads": 2,
        "num_layers": 2,
        "pos_enco": true,
        "lr": 0.0002,
        "num_epochs": 10,
        "model_path": "./transformer_models/label_5"
    },
    "time_cost_mins": 114.83851183652878,
    "time": "20231113_034156"
}