{
    "train_losses": [
        0.1652355543628074,
        0.1619085339599962,
        0.16100487934786717,
        0.15837382362347677,
        0.15625122604796293,
        0.1553743898967383,
        0.15324846022323435,
        0.1524878813822959,
        0.15070844230146127,
        0.14990336177742133,
        0.15031552263015965,
        0.14898140406488147,
        0.14804310984216815,
        0.14649836792788987,
        0.14618480861177516,
        0.14516639407430115,
        0.1442675785472916,
        0.14376357186474978,
        0.14226579536213588,
        0.1425664646545678
    ],
    "num_params": 4749903,
    "valid_losses": [
        0.2632895490087307,
        0.26696722624040886,
        0.2631659073206389,
        0.2744062343390226,
        0.26428911256890597,
        0.2654091276565916,
        0.26183527811373597,
        0.26591903828300845,
        0.2628384035726196,
        0.2604032802419865,
        0.260899635467278,
        0.26325669894982145,
        0.25960757766248344,
        0.2704117936253483,
        0.25887635624725597,
        0.2605377230142604,
        0.26362793863997125,
        0.25954291519556266,
        0.2648392891222518,
        0.27476064640920156
    ],
    "mem_usage": {
        "1": 4481.21875,
        "2": 4516.203125,
        "3": 4555.5,
        "4": 4597.234375,
        "5": 4634.71875,
        "6": 4676.125,
        "7": 4713.109375,
        "8": 4754.546875,
        "9": 4794.984375,
        "10": 4832.84375,
        "11": 4874.765625,
        "12": 4914.34375,
        "13": 4950.796875,
        "14": 4992.421875,
        "15": 5028.890625,
        "16": 5070.03125,
        "17": 5109.03125,
        "18": 5148.703125,
        "19": 5187.125,
        "20": 5227.125
    },
    "config": {
        "device": "mps",
        "seq_len": 300,
        "stride": 10,
        "batch_size": 16,
        "train_days": 50,
        "hidden_dim": 426,
        "daily_secs": 3998,
        "dropout": 0.1,
        "output_dim": 3,
        "num_heads": 2,
        "num_layers": 2,
        "pos_enco": true,
        "lr": 2e-05,
        "num_epochs": 20,
        "model_path": "./transformer_models/model_round_2",
        "optimizer_path": "./transformer_models/optimizer_round_2"
    },
    "time_cost_mins": 231.47072279850642,
    "time": "20231114_060023"
}