{
    "num_params": 35843,
    "train_losses": [
        1.0848878622055054,
        1.0762529373168945,
        1.0723382234573364,
        1.0699344873428345,
        1.0682108402252197,
        1.066945195198059,
        1.0660855770111084,
        1.065448522567749,
        1.0649354457855225,
        1.0643309354782104
    ],
    "valid_losses": [
        1.0967823266983032,
        1.1048163175582886,
        1.1108328104019165,
        1.1131223440170288,
        1.1108932495117188,
        1.1121480464935303,
        1.1161179542541504,
        1.1132290363311768,
        1.1125290393829346,
        1.1208713054656982
    ],
    "train_accs": [
        0.35522031784057617,
        0.3937624394893646,
        0.4157435894012451,
        0.4282850921154022,
        0.4355824291706085,
        0.44130972027778625,
        0.4442824721336365,
        0.44552117586135864,
        0.44606146216392517,
        0.4501020312309265
    ],
    "valid_accs": [
        0.4156976342201233,
        0.4834328591823578,
        0.4805862605571747,
        0.4723808467388153,
        0.44989117980003357,
        0.45656904578208923,
        0.46306008100509644,
        0.4563544988632202,
        0.45698708295822144,
        0.4727248549461365
    ],
    "mem_usage": {
        "1": 4375.578125,
        "2": 4382.921875,
        "3": 4388.34375,
        "4": 4392.78125,
        "5": 4396.890625,
        "6": 4398.46875,
        "7": 4401.46875,
        "8": 4406.1875,
        "9": 4410.125,
        "10": 4413.296875
    },
    "config": {
        "device": "mps",
        "seq_len": 1,
        "batch_size": 1024,
        "train_days": 50,
        "input_dim": 426,
        "hidden_dim": 64,
        "dropout": 0.1,
        "output_dim": 3,
        "num_heads": 2,
        "num_layers": 2,
        "lr": 1e-05,
        "weight_decay": 0,
        "num_epochs": 10,
        "model_path": "./model_output/model_round_4",
        "optimizer_path": "./model_output/optimizer_round_4"
    },
    "time_cost_mins": 4.408662459733508,
    "time": "20231118_164906"
}