{
    "num_params": 35843,
    "train_losses": [
        0.9694980382919312,
        0.9601832628250122,
        0.9575653672218323,
        0.9562251567840576,
        0.9550193548202515,
        0.9538919925689697,
        0.9530366659164429,
        0.952325165271759,
        0.9516386389732361,
        0.9512327313423157
    ],
    "valid_losses": [
        1.0357364416122437,
        1.0467981100082397,
        1.0648566484451294,
        1.0487644672393799,
        1.0814491510391235,
        1.050915241241455,
        1.0593268871307373,
        1.0788177251815796,
        1.0621354579925537,
        1.0645313262939453
    ],
    "train_accs": [
        0.5590629577636719,
        0.5623814463615417,
        0.5635960698127747,
        0.5643405318260193,
        0.5648338198661804,
        0.5651586651802063,
        0.5655558705329895,
        0.5659679174423218,
        0.5664330720901489,
        0.5666128396987915
    ],
    "valid_accs": [
        0.503336489200592,
        0.503207802772522,
        0.5049889087677002,
        0.50392085313797,
        0.5044979453086853,
        0.503768265247345,
        0.5029026865959167,
        0.5035028457641602,
        0.5032781362533569,
        0.5042916536331177
    ],
    "mem_usage": {
        "1": 4367.640625,
        "2": 4380.515625,
        "3": 4383.8125,
        "4": 4388.4375,
        "5": 4392.328125,
        "6": 4396.71875,
        "7": 4400.609375,
        "8": 4405.765625,
        "9": 4408.34375,
        "10": 4411.96875
    },
    "config": {
        "device": "mps",
        "seq_len": 1,
        "batch_size": 1024,
        "train_days": 50,
        "input_dim": 426,
        "hidden_dim": 64,
        "dropout": 0.1,
        "output_dim": 3,
        "num_heads": 2,
        "num_layers": 2,
        "lr": 1e-05,
        "weight_decay": 0,
        "num_epochs": 10,
        "model_path": "./model_output/model_round_3",
        "optimizer_path": "./model_output/optimizer_round_3"
    },
    "time_cost_mins": 4.270787220833396,
    "time": "20231118_101039"
}