{
    "num_params": 67875,
    "train_losses": [
        0.9351489543914795,
        0.9342295527458191,
        0.9337829351425171,
        0.9332833290100098,
        0.9326963424682617
    ],
    "valid_losses": [
        1.0955592393875122,
        1.097070336341858,
        1.1043355464935303,
        1.0894691944122314,
        1.0872806310653687
    ],
    "train_accs": [
        0.5724334716796875,
        0.5726838111877441,
        0.5727167725563049,
        0.572449803352356,
        0.5727805495262146
    ],
    "valid_accs": [
        0.49695655703544617,
        0.4924052953720093,
        0.49300244450569153,
        0.4977130591869354,
        0.4996257424354553
    ],
    "mem_usage": {
        "1": 4385.21875,
        "2": 4392.140625,
        "3": 4406.6875,
        "4": 4423.0625,
        "5": 4439.359375
    },
    "config": {
        "device": "mps",
        "seq_len": 300,
        "batch_size": 256,
        "train_days": 50,
        "input_dim": 426,
        "hidden_dim": 32,
        "dropout": 0.1,
        "output_dim": 3,
        "num_heads": 2,
        "num_layers": 2,
        "lr": 0.0005,
        "weight_decay": 0.001,
        "num_epochs": 5,
        "model_path": "./model_output/model_round_1",
        "optimizer_path": "./model_output/optimizer_round_1"
    },
    "time_cost_mins": 87.42113916598319,
    "time": "20231117_113158"
}