{
    "num_params": 67875,
    "train_losses": [
        1.0014101266860962,
        0.9469166994094849,
        0.9404087662696838,
        0.9373303651809692,
        0.9371405839920044,
        0.9364527463912964,
        0.9359982013702393,
        0.9357350468635559,
        0.9355001449584961,
        0.9351272583007812
    ],
    "valid_losses": [
        1.1123311519622803,
        1.1420902013778687,
        1.1656932830810547,
        1.1830161809921265,
        1.1779855489730835,
        1.1654154062271118,
        1.1503630876541138,
        1.1251810789108276,
        1.0982476472854614,
        1.1067601442337036
    ],
    "train_accs": [
        0.5456424951553345,
        0.567249596118927,
        0.5707966089248657,
        0.5715594291687012,
        0.5718101263046265,
        0.5719399452209473,
        0.5720160007476807,
        0.5723094940185547,
        0.572419285774231,
        0.5725774168968201
    ],
    "valid_accs": [
        0.38176780939102173,
        0.5024403929710388,
        0.410678505897522,
        0.4821264147758484,
        0.48880431056022644,
        0.4426131248474121,
        0.4889933168888092,
        0.49904584884643555,
        0.49968647956848145,
        0.49761250615119934
    ],
    "mem_usage": {
        "1": 4373.453125,
        "2": 4380.203125,
        "3": 4394.546875,
        "4": 4411.015625,
        "5": 4427.296875,
        "6": 4444.328125,
        "7": 4463.859375,
        "8": 4491.265625,
        "9": 4518.84375,
        "10": 4546.578125
    },
    "config": {
        "device": "mps",
        "seq_len": 300,
        "batch_size": 256,
        "train_days": 50,
        "input_dim": 426,
        "hidden_dim": 32,
        "dropout": 0.1,
        "output_dim": 3,
        "num_heads": 2,
        "num_layers": 2,
        "lr": 0.0002,
        "weight_decay": 0.005,
        "num_epochs": 10,
        "model_path": "./model_output/model_round_0",
        "optimizer_path": "./model_output/optimizer_round_0"
    },
    "time_cost_mins": 176.01795632708334,
    "time": "20231117_043856"
}