{"train_losses": [NaN, NaN, NaN, NaN, NaN, NaN, NaN, NaN, NaN, NaN, NaN, NaN, NaN, NaN, NaN, NaN, NaN, NaN, NaN, NaN], "valid_losses": [NaN, NaN, NaN, NaN, NaN, NaN, NaN, NaN, NaN, NaN, NaN, NaN, NaN, NaN, NaN, NaN, NaN, NaN, NaN, NaN], "mem_usage": {"1": 4406.71875, "2": 4410.0625, "3": 4412.046875, "4": 4414.234375, "5": 4416.890625, "6": 4419.59375, "7": 4421.0, "8": 4423.234375, "9": 4425.59375, "10": 4427.96875, "11": 4430.609375, "12": 4432.375, "13": 4434.828125, "14": 4435.984375, "15": 4438.03125, "16": 4440.859375, "17": 4442.515625, "18": 4444.609375, "19": 4446.859375, "20": 4449.265625}, "config": {"device": "mps", "seq_len": 600, "stride": 300, "batch_size": 8, "train_days": 50, "hidden_dim": 426, "daily_secs": 3998, "dropout": 0.1, "output_dim": 3, "num_heads": 2, "num_layers": 2, "pos_enco": true, "lr": 2e-05, "num_epochs": 20, "model_path": "./transformer_models/label_5"}, "time_cost": -4900.459844112396, "time": "20231112_2044"}