{
    "num_params": 146499,
    "train_losses": [
        1.1055951118469238,
        1.0105032920837402,
        0.9961836934089661,
        0.9905533194541931,
        0.9873682260513306,
        0.984509289264679,
        0.9807360172271729,
        0.9773942828178406,
        0.9748297333717346,
        0.9725371599197388,
        0.9708803296089172,
        0.9695520401000977,
        0.9688408374786377,
        0.9677905440330505,
        0.9670825004577637,
        0.9666638970375061,
        0.9658807516098022,
        0.965352475643158,
        0.9645477533340454,
        0.9639115333557129
    ],
    "valid_losses": [
        1.046983003616333,
        1.0374336242675781,
        1.0477187633514404,
        1.0431230068206787,
        1.033298134803772,
        1.0390650033950806,
        1.0372769832611084,
        1.0574181079864502,
        1.040501356124878,
        1.0439854860305786,
        1.0473945140838623,
        1.0496177673339844,
        1.0497945547103882,
        1.062587857246399,
        1.0602338314056396,
        1.0627952814102173,
        1.0561970472335815,
        1.0490976572036743,
        1.0499730110168457,
        1.052264928817749
    ],
    "train_accs": [
        0.49712929129600525,
        0.5502299070358276,
        0.5574913024902344,
        0.5587493777275085,
        0.5590882301330566,
        0.5591138005256653,
        0.5595239400863647,
        0.5599123239517212,
        0.5602659583091736,
        0.560461699962616,
        0.560951292514801,
        0.5611927509307861,
        0.5612367987632751,
        0.5612706542015076,
        0.5616530776023865,
        0.5613237619400024,
        0.5614557266235352,
        0.5614182949066162,
        0.5614826679229736,
        0.5615836381912231
    ],
    "valid_accs": [
        0.5061302185058594,
        0.5067461729049683,
        0.506697416305542,
        0.506714940071106,
        0.5066759586334229,
        0.5065529942512512,
        0.5050362348556519,
        0.5065007209777832,
        0.5038256049156189,
        0.5043670535087585,
        0.5036519169807434,
        0.5030145049095154,
        0.5015677809715271,
        0.5030476450920105,
        0.5028429627418518,
        0.5037108063697815,
        0.5020065307617188,
        0.5001251697540283,
        0.5013902187347412,
        0.5007374286651611
    ],
    "mem_usage": {
        "1": 4397.5625,
        "2": 4403.984375,
        "3": 4418.640625,
        "4": 4435.0625,
        "5": 4451.203125,
        "6": 4467.578125,
        "7": 4495.265625,
        "8": 4524.203125,
        "9": 4553.671875,
        "10": 4582.828125,
        "11": 4612.265625,
        "12": 4641.5625,
        "13": 4670.6875,
        "14": 4699.03125,
        "15": 4727.6875,
        "16": 4756.8125,
        "17": 4785.09375,
        "18": 4814.515625,
        "19": 4843.546875,
        "20": 4872.484375
    },
    "config": {
        "device": "mps",
        "seq_len": 100,
        "batch_size": 256,
        "train_days": 50,
        "input_dim": 426,
        "hidden_dim": 64,
        "dropout": 0.1,
        "output_dim": 3,
        "num_heads": 2,
        "num_layers": 2,
        "lr": 1e-05,
        "weight_decay": 0,
        "num_epochs": 20,
        "model_path": "./model_output/model_round_2",
        "optimizer_path": "./model_output/optimizer_round_2"
    },
    "time_cost_mins": 138.8317265923659,
    "time": "20231118_033707"
}